{"avg_pkt_ia_time": [[660, 780, 900, 1020, 1140, 1260, 1380, 1500, 1620, 1740, 990, 1170, 1350, 1530, 1710, 1890, 2070, 2250, 2430, 2610, 825, 975, 1125, 1275, 1425, 1575, 1725, 1875, 2025, 2175]], "sigma_squared_pkt_ia_time": [], "dist_type_pkt_ia_time": [["D", "D", "D", "D", "D", "D", "D", "D", "D", "D", "D", "D", "D", "D", "D", "D", "D", "D", "D", "D", "D", "D", "D", "D", "D", "D", "D", "D", "D", "D"]], "avg_pkt_len_bits": [[13, 14, 15, 16, 17, 18, 19, 20, 21, 22, 13, 14, 15, 16, 17, 18, 19, 20, 21, 22, 13, 14, 15, 16, 17, 18, 19, 20, 21, 22]], "sigma_squared_pkt_len": [[168.99999999999997, 196.00000000000003, 225.0, 256.0, 289.0, 324.0, 361.00000000000006, 399.99999999999994, 441.00000000000006, 484.0, 168.99999999999997, 196.00000000000003, 225.0, 256.0, 289.0, 324.0, 361.00000000000006, 399.99999999999994, 441.00000000000006, 484.0, 168.99999999999997, 196.00000000000003, 225.0, 256.0, 289.0, 324.0, 361.00000000000006, 399.99999999999994, 441.00000000000006, 484.0]], "dist_type_pkt_len": [["M", "M", "M", "M", "M", "M", "M", "M", "M", "M", "M", "M", "M", "M", "M", "M", "M", "M", "M", "M", "M", "M", "M", "M", "M", "M", "M", "M", "M", "M"]], "capacity": 1, "num_pkts": [[100000, 100000, 100000, 100000, 100000, 100000, 100000, 100000, 100000, 100000, 100000, 100000, 100000, 100000, 100000, 100000, 100000, 100000, 100000, 100000, 100000, 100000, 100000, 100000, 100000, 100000, 100000, 100000, 100000, 100000]], "num_sources": [[1, 1, 1, 1, 1, 1, 1, 1, 1, 1, 2, 2, 2, 2, 2, 2, 2, 2, 2, 2, 3, 3, 3, 3, 3, 3, 3, 3, 3, 3]]}